[
    {
        "title": "Ponder origins of universe",
        "project": "Chores",
        "id": "2c43306e-5b44-4ff8-8753-33c35adbd06f",
        "elapsed": 218371494062,
        "runningSince": null
    },
    {
        "title": "Learn React",
        "project": "Coding",
        "id": "3c902649-d09b-41dc-ba21-975dab25a470",
        "elapsed": 41916,
        "runningSince": null
    },
    {
        "title": "New Timer",
        "project": "Coding",
        "id": "9eec42e2-0bdb-4e30-a959-7418fc4b9cbc",
        "elapsed": 9816,
        "runningSince": null
    }
]